time,local_time,electricity,water_flow,turbine_efficiency
2023/01/01 00:00,2023/01/01 02:00,2.673,43.85,93.5
2023/01/01 01:00,2023/01/01 03:00,3.972,89.01,64.3
2023/01/01 02:00,2023/01/01 04:00,1.074,49.33,72.1
2023/01/01 03:00,2023/01/01 05:00,4.0,45.57,71.7
2023/01/01 04:00,2023/01/01 06:00,4.888,33.71,91.0
2023/01/01 05:00,2023/01/01 07:00,3.471,68.52,90.0
2023/01/01 06:00,2023/01/01 08:00,4.856,97.97,87.2
2023/01/01 07:00,2023/01/01 09:00,3.258,36.16,84.8
2023/01/01 08:00,2023/01/01 10:00,3.016,90.38,84.3
2023/01/01 09:00,2023/01/01 11:00,1.785,97.3,93.2
2023/01/01 10:00,2023/01/01 12:00,4.95,59.3,68.7
2023/01/01 11:00,2023/01/01 13:00,3.253,33.88,83.7
2023/01/01 12:00,2023/01/01 14:00,1.03,76.42,61.7
2023/01/01 13:00,2023/01/01 15:00,1.961,77.77,65.6
2023/01/01 14:00,2023/01/01 16:00,4.027,30.24,84.8
2023/01/01 15:00,2023/01/01 17:00,4.975,66.65,88.3
2023/01/01 16:00,2023/01/01 18:00,3.2,58.88,82.9
2023/01/01 17:00,2023/01/01 19:00,4.003,53.76,85.9
2023/01/01 18:00,2023/01/01 20:00,4.224,73.06,73.1
2023/01/01 19:00,2023/01/01 21:00,2.415,34.54,80.4
2023/01/01 20:00,2023/01/01 22:00,3.606,89.74,75.2
2023/01/01 21:00,2023/01/01 23:00,0.964,93.98,64.6
2023/01/01 22:00,2023/01/02 00:00,3.45,36.09,83.5
2023/01/01 23:00,2023/01/02 01:00,0.533,43.78,63.9
2023/01/02 00:00,2023/01/02 02:00,1.353,98.51,65.4
2023/01/02 01:00,2023/01/02 03:00,4.512,36.97,75.2
2023/01/02 02:00,2023/01/02 04:00,3.629,34.81,86.2
2023/01/02 03:00,2023/01/02 05:00,2.987,68.31,80.7
2023/01/02 04:00,2023/01/02 06:00,3.234,59.96,79.5
2023/01/02 05:00,2023/01/02 07:00,3.341,35.23,81.8
2023/01/02 06:00,2023/01/02 08:00,4.808,78.08,81.9
2023/01/02 07:00,2023/01/02 09:00,3.833,21.35,88.4
2023/01/02 08:00,2023/01/02 10:00,1.233,38.41,78.9
2023/01/02 09:00,2023/01/02 11:00,1.706,42.2,64.1
2023/01/02 10:00,2023/01/02 12:00,4.808,27.01,76.1
2023/01/02 11:00,2023/01/02 13:00,3.498,32.54,92.6
2023/01/02 12:00,2023/01/02 14:00,4.221,64.55,71.3
2023/01/02 13:00,2023/01/02 15:00,4.75,65.35,67.8
2023/01/02 14:00,2023/01/02 16:00,3.093,71.21,68.1
2023/01/02 15:00,2023/01/02 17:00,0.781,26.84,87.0
2023/01/02 16:00,2023/01/02 18:00,4.744,25.3,82.2
2023/01/02 17:00,2023/01/02 19:00,2.96,40.49,80.7
2023/01/02 18:00,2023/01/02 20:00,4.767,98.04,87.3
2023/01/02 19:00,2023/01/02 21:00,1.529,93.77,91.0
2023/01/02 20:00,2023/01/02 22:00,2.637,52.26,70.6
2023/01/02 21:00,2023/01/02 23:00,3.972,88.9,74.8
2023/01/02 22:00,2023/01/03 00:00,4.801,94.46,88.6
2023/01/02 23:00,2023/01/03 01:00,1.762,68.12,72.0
2023/01/03 00:00,2023/01/03 02:00,2.997,56.24,79.9
2023/01/03 01:00,2023/01/03 03:00,4.732,20.23,83.1
2023/01/03 02:00,2023/01/03 04:00,2.401,48.33,69.0
2023/01/03 03:00,2023/01/03 05:00,1.582,32.68,73.5
2023/01/03 04:00,2023/01/03 06:00,4.701,21.67,80.1
2023/01/03 05:00,2023/01/03 07:00,1.692,43.25,66.0
2023/01/03 06:00,2023/01/03 08:00,1.305,43.93,84.7
2023/01/03 07:00,2023/01/03 09:00,1.397,74.08,85.1
2023/01/03 08:00,2023/01/03 10:00,4.088,73.88,80.1
2023/01/03 09:00,2023/01/03 11:00,2.803,33.17,73.5
2023/01/03 10:00,2023/01/03 12:00,2.103,43.88,87.7
2023/01/03 11:00,2023/01/03 13:00,4.583,93.86,60.3
2023/01/03 12:00,2023/01/03 14:00,1.327,40.91,71.1
2023/01/03 13:00,2023/01/03 15:00,1.259,72.07,82.6
2023/01/03 14:00,2023/01/03 16:00,2.556,29.72,78.4
2023/01/03 15:00,2023/01/03 17:00,4.435,30.04,76.6
2023/01/03 16:00,2023/01/03 18:00,1.45,87.92,85.6
2023/01/03 17:00,2023/01/03 19:00,1.734,82.08,89.9
2023/01/03 18:00,2023/01/03 20:00,4.835,81.64,91.2
2023/01/03 19:00,2023/01/03 21:00,3.305,55.3,68.4
2023/01/03 20:00,2023/01/03 22:00,4.988,47.58,62.4
2023/01/03 21:00,2023/01/03 23:00,0.724,41.89,78.5
2023/01/03 22:00,2023/01/04 00:00,4.495,51.56,76.7
2023/01/03 23:00,2023/01/04 01:00,2.364,20.32,73.5
2023/01/04 00:00,2023/01/04 02:00,0.712,29.43,66.1
2023/01/04 01:00,2023/01/04 03:00,3.284,36.2,84.7
2023/01/04 02:00,2023/01/04 04:00,1.91,35.46,61.7
2023/01/04 03:00,2023/01/04 05:00,3.13,57.53,81.5
2023/01/04 04:00,2023/01/04 06:00,3.275,66.57,93.5
2023/01/04 05:00,2023/01/04 07:00,2.545,44.72,94.4
2023/01/04 06:00,2023/01/04 08:00,2.644,84.08,69.5
2023/01/04 07:00,2023/01/04 09:00,2.85,78.13,90.4
2023/01/04 08:00,2023/01/04 10:00,1.319,96.8,60.3
2023/01/04 09:00,2023/01/04 11:00,3.547,78.24,73.7
2023/01/04 10:00,2023/01/04 12:00,1.881,46.07,71.0
2023/01/04 11:00,2023/01/04 13:00,1.16,49.01,65.1
2023/01/04 12:00,2023/01/04 14:00,3.39,92.65,94.8
2023/01/04 13:00,2023/01/04 15:00,2.035,75.69,74.9
2023/01/04 14:00,2023/01/04 16:00,4.013,56.98,84.7
2023/01/04 15:00,2023/01/04 17:00,3.619,71.61,72.1
2023/01/04 16:00,2023/01/04 18:00,1.95,96.49,65.5
2023/01/04 17:00,2023/01/04 19:00,4.791,24.72,68.7
2023/01/04 18:00,2023/01/04 20:00,1.103,85.75,71.9
2023/01/04 19:00,2023/01/04 21:00,0.921,90.83,78.0
2023/01/04 20:00,2023/01/04 22:00,3.951,57.57,77.4
2023/01/04 21:00,2023/01/04 23:00,4.271,51.6,60.6
2023/01/04 22:00,2023/01/05 00:00,3.586,33.2,68.0
2023/01/04 23:00,2023/01/05 01:00,3.57,61.44,69.5
2023/01/05 00:00,2023/01/05 02:00,0.594,53.38,66.7
2023/01/05 01:00,2023/01/05 03:00,3.084,95.37,71.0
2023/01/05 02:00,2023/01/05 04:00,0.903,55.17,91.3
2023/01/05 03:00,2023/01/05 05:00,3.961,98.36,64.1
2023/01/05 04:00,2023/01/05 06:00,4.849,24.26,92.4
2023/01/05 05:00,2023/01/05 07:00,4.721,92.85,83.3
2023/01/05 06:00,2023/01/05 08:00,4.972,96.05,91.3
2023/01/05 07:00,2023/01/05 09:00,3.529,88.96,94.9
2023/01/05 08:00,2023/01/05 10:00,1.047,95.86,66.9
2023/01/05 09:00,2023/01/05 11:00,3.616,59.82,73.1
2023/01/05 10:00,2023/01/05 12:00,0.658,99.35,87.9
2023/01/05 11:00,2023/01/05 13:00,0.981,63.18,65.4
2023/01/05 12:00,2023/01/05 14:00,2.602,53.8,78.8
2023/01/05 13:00,2023/01/05 15:00,3.442,48.51,67.8
2023/01/05 14:00,2023/01/05 16:00,3.582,80.06,82.3
2023/01/05 15:00,2023/01/05 17:00,2.925,20.85,90.9
2023/01/05 16:00,2023/01/05 18:00,1.539,50.73,65.1
2023/01/05 17:00,2023/01/05 19:00,1.43,76.68,74.3
2023/01/05 18:00,2023/01/05 20:00,1.237,88.67,73.5
2023/01/05 19:00,2023/01/05 21:00,2.944,94.67,60.7
2023/01/05 20:00,2023/01/05 22:00,0.721,84.47,92.8
2023/01/05 21:00,2023/01/05 23:00,1.484,91.01,86.6
2023/01/05 22:00,2023/01/06 00:00,4.926,55.72,66.2
2023/01/05 23:00,2023/01/06 01:00,1.22,88.01,62.1
2023/01/06 00:00,2023/01/06 02:00,4.558,80.31,94.5
2023/01/06 01:00,2023/01/06 03:00,1.963,23.34,63.1
2023/01/06 02:00,2023/01/06 04:00,1.992,56.01,90.7
2023/01/06 03:00,2023/01/06 05:00,2.473,83.48,67.5
2023/01/06 04:00,2023/01/06 06:00,2.152,44.08,93.2
2023/01/06 05:00,2023/01/06 07:00,4.638,99.78,90.1
2023/01/06 06:00,2023/01/06 08:00,2.057,62.53,81.3
2023/01/06 07:00,2023/01/06 09:00,4.41,21.16,79.4
2023/01/06 08:00,2023/01/06 10:00,2.716,26.7,62.5
2023/01/06 09:00,2023/01/06 11:00,2.178,71.15,82.9
2023/01/06 10:00,2023/01/06 12:00,4.873,33.44,61.2
2023/01/06 11:00,2023/01/06 13:00,2.444,69.67,62.9
2023/01/06 12:00,2023/01/06 14:00,3.878,93.13,63.5
2023/01/06 13:00,2023/01/06 15:00,2.768,21.65,67.6
2023/01/06 14:00,2023/01/06 16:00,4.628,45.88,67.4
2023/01/06 15:00,2023/01/06 17:00,1.783,78.57,86.7
2023/01/06 16:00,2023/01/06 18:00,0.838,81.45,84.2
2023/01/06 17:00,2023/01/06 19:00,1.011,45.93,84.2
2023/01/06 18:00,2023/01/06 20:00,2.088,60.62,73.2
2023/01/06 19:00,2023/01/06 21:00,2.88,84.54,85.0
2023/01/06 20:00,2023/01/06 22:00,3.521,29.56,62.4
2023/01/06 21:00,2023/01/06 23:00,3.871,38.87,61.2
2023/01/06 22:00,2023/01/07 00:00,3.959,84.05,84.3
2023/01/06 23:00,2023/01/07 01:00,4.822,46.53,73.9
2023/01/07 00:00,2023/01/07 02:00,1.886,53.18,77.9
2023/01/07 01:00,2023/01/07 03:00,4.761,39.07,62.6
2023/01/07 02:00,2023/01/07 04:00,4.306,24.49,93.4
2023/01/07 03:00,2023/01/07 05:00,0.638,20.08,65.1
2023/01/07 04:00,2023/01/07 06:00,3.36,79.12,91.7
2023/01/07 05:00,2023/01/07 07:00,3.886,92.8,65.1
2023/01/07 06:00,2023/01/07 08:00,4.015,26.11,64.7
2023/01/07 07:00,2023/01/07 09:00,4.745,40.71,72.9
2023/01/07 08:00,2023/01/07 10:00,3.553,82.65,61.2
2023/01/07 09:00,2023/01/07 11:00,2.8,44.99,77.0
2023/01/07 10:00,2023/01/07 12:00,1.076,78.14,89.4
2023/01/07 11:00,2023/01/07 13:00,2.346,70.86,62.1
2023/01/07 12:00,2023/01/07 14:00,0.576,39.96,90.4
2023/01/07 13:00,2023/01/07 15:00,3.99,30.67,71.7
2023/01/07 14:00,2023/01/07 16:00,3.214,78.97,65.4
2023/01/07 15:00,2023/01/07 17:00,2.59,78.54,93.3
2023/01/07 16:00,2023/01/07 18:00,2.398,50.42,72.5
2023/01/07 17:00,2023/01/07 19:00,2.597,40.62,69.7
2023/01/07 18:00,2023/01/07 20:00,1.934,20.23,60.1
2023/01/07 19:00,2023/01/07 21:00,2.875,20.28,88.3
2023/01/07 20:00,2023/01/07 22:00,0.718,31.62,79.8
2023/01/07 21:00,2023/01/07 23:00,3.419,70.22,79.3
2023/01/07 22:00,2023/01/08 00:00,4.382,84.6,67.8
2023/01/07 23:00,2023/01/08 01:00,2.657,98.99,91.1
2023/01/08 00:00,2023/01/08 02:00,1.542,48.45,94.8
2023/01/08 01:00,2023/01/08 03:00,2.779,53.89,78.7
2023/01/08 02:00,2023/01/08 04:00,1.796,99.83,70.5
2023/01/08 03:00,2023/01/08 05:00,3.666,46.06,73.7
2023/01/08 04:00,2023/01/08 06:00,4.796,22.27,71.0
2023/01/08 05:00,2023/01/08 07:00,4.931,75.27,60.8
2023/01/08 06:00,2023/01/08 08:00,3.182,82.25,92.6
2023/01/08 07:00,2023/01/08 09:00,0.551,94.47,72.1
2023/01/08 08:00,2023/01/08 10:00,1.136,41.43,74.2
2023/01/08 09:00,2023/01/08 11:00,1.641,77.93,84.3
2023/01/08 10:00,2023/01/08 12:00,0.723,94.16,75.6
2023/01/08 11:00,2023/01/08 13:00,4.557,55.09,86.2
2023/01/08 12:00,2023/01/08 14:00,4.625,94.72,64.9
2023/01/08 13:00,2023/01/08 15:00,0.757,47.45,76.7
2023/01/08 14:00,2023/01/08 16:00,4.533,89.27,93.7
2023/01/08 15:00,2023/01/08 17:00,3.411,26.84,76.8
2023/01/08 16:00,2023/01/08 18:00,4.162,32.26,70.5
2023/01/08 17:00,2023/01/08 19:00,3.862,80.6,73.6
2023/01/08 18:00,2023/01/08 20:00,0.594,41.79,69.6
2023/01/08 19:00,2023/01/08 21:00,3.293,85.88,86.6
2023/01/08 20:00,2023/01/08 22:00,1.656,80.65,92.8
2023/01/08 21:00,2023/01/08 23:00,1.832,57.03,83.8
2023/01/08 22:00,2023/01/09 00:00,1.63,70.24,73.2
2023/01/08 23:00,2023/01/09 01:00,4.843,52.87,83.6
2023/01/09 00:00,2023/01/09 02:00,4.969,97.68,65.6
2023/01/09 01:00,2023/01/09 03:00,0.77,37.94,77.0
2023/01/09 02:00,2023/01/09 04:00,4.083,52.25,78.7
2023/01/09 03:00,2023/01/09 05:00,1.512,73.6,62.5
2023/01/09 04:00,2023/01/09 06:00,3.176,26.58,91.6
2023/01/09 05:00,2023/01/09 07:00,2.401,97.04,78.4
2023/01/09 06:00,2023/01/09 08:00,4.788,98.72,72.2
2023/01/09 07:00,2023/01/09 09:00,3.775,82.81,88.2
2023/01/09 08:00,2023/01/09 10:00,0.933,26.43,70.6
2023/01/09 09:00,2023/01/09 11:00,2.277,63.86,69.9
2023/01/09 10:00,2023/01/09 12:00,1.018,55.14,80.6
2023/01/09 11:00,2023/01/09 13:00,4.075,58.98,73.8
2023/01/09 12:00,2023/01/09 14:00,1.926,47.0,75.0
2023/01/09 13:00,2023/01/09 15:00,1.833,95.57,64.3
2023/01/09 14:00,2023/01/09 16:00,0.933,60.26,70.1
2023/01/09 15:00,2023/01/09 17:00,4.4,55.33,66.5
2023/01/09 16:00,2023/01/09 18:00,4.593,69.33,63.0
2023/01/09 17:00,2023/01/09 19:00,3.756,89.42,74.3
2023/01/09 18:00,2023/01/09 20:00,2.01,95.63,63.2
2023/01/09 19:00,2023/01/09 21:00,4.452,90.13,85.4
2023/01/09 20:00,2023/01/09 22:00,4.053,35.82,64.3
2023/01/09 21:00,2023/01/09 23:00,2.689,75.24,74.8
2023/01/09 22:00,2023/01/10 00:00,2.896,40.64,79.0
2023/01/09 23:00,2023/01/10 01:00,2.805,50.16,81.1
2023/01/10 00:00,2023/01/10 02:00,1.634,20.34,69.5
2023/01/10 01:00,2023/01/10 03:00,4.337,41.17,79.7
2023/01/10 02:00,2023/01/10 04:00,1.77,25.95,91.7
2023/01/10 03:00,2023/01/10 05:00,2.628,93.74,79.6
2023/01/10 04:00,2023/01/10 06:00,1.071,55.69,78.3
2023/01/10 05:00,2023/01/10 07:00,2.702,83.68,83.7
2023/01/10 06:00,2023/01/10 08:00,3.956,60.98,83.7
2023/01/10 07:00,2023/01/10 09:00,4.708,55.13,70.6
2023/01/10 08:00,2023/01/10 10:00,1.803,21.76,78.6
2023/01/10 09:00,2023/01/10 11:00,0.994,96.48,70.0
2023/01/10 10:00,2023/01/10 12:00,2.618,58.45,84.1
2023/01/10 11:00,2023/01/10 13:00,3.773,63.31,83.7
2023/01/10 12:00,2023/01/10 14:00,3.465,74.04,65.4
2023/01/10 13:00,2023/01/10 15:00,4.905,72.51,90.5
2023/01/10 14:00,2023/01/10 16:00,4.119,53.03,69.0
2023/01/10 15:00,2023/01/10 17:00,4.312,97.57,75.8
2023/01/10 16:00,2023/01/10 18:00,2.132,99.76,67.8
2023/01/10 17:00,2023/01/10 19:00,4.117,47.84,61.8
2023/01/10 18:00,2023/01/10 20:00,2.667,99.04,79.6
2023/01/10 19:00,2023/01/10 21:00,4.244,83.05,65.7
2023/01/10 20:00,2023/01/10 22:00,0.972,93.18,77.7
2023/01/10 21:00,2023/01/10 23:00,3.77,63.74,71.6
2023/01/10 22:00,2023/01/11 00:00,1.795,70.95,75.6
2023/01/10 23:00,2023/01/11 01:00,2.323,66.39,80.6
2023/01/11 00:00,2023/01/11 02:00,2.447,47.77,77.3
2023/01/11 01:00,2023/01/11 03:00,4.437,26.13,94.6
2023/01/11 02:00,2023/01/11 04:00,0.715,75.89,92.9
2023/01/11 03:00,2023/01/11 05:00,1.305,37.14,73.3
2023/01/11 04:00,2023/01/11 06:00,0.682,49.05,69.7
2023/01/11 05:00,2023/01/11 07:00,1.416,55.7,62.3
2023/01/11 06:00,2023/01/11 08:00,2.31,88.65,65.9
2023/01/11 07:00,2023/01/11 09:00,3.472,40.77,66.0
2023/01/11 08:00,2023/01/11 10:00,0.809,62.54,64.8
2023/01/11 09:00,2023/01/11 11:00,3.845,76.61,91.0
2023/01/11 10:00,2023/01/11 12:00,3.812,48.16,88.6
2023/01/11 11:00,2023/01/11 13:00,3.633,55.25,70.8
2023/01/11 12:00,2023/01/11 14:00,0.563,81.68,72.1
2023/01/11 13:00,2023/01/11 15:00,0.72,69.71,85.7
2023/01/11 14:00,2023/01/11 16:00,1.209,96.35,69.3
2023/01/11 15:00,2023/01/11 17:00,0.791,94.91,64.8
2023/01/11 16:00,2023/01/11 18:00,3.603,43.03,87.3
2023/01/11 17:00,2023/01/11 19:00,1.35,87.91,73.9
2023/01/11 18:00,2023/01/11 20:00,0.981,23.77,89.5
2023/01/11 19:00,2023/01/11 21:00,3.806,79.9,93.9
2023/01/11 20:00,2023/01/11 22:00,3.0,82.67,62.7
2023/01/11 21:00,2023/01/11 23:00,2.053,56.97,79.7
2023/01/11 22:00,2023/01/12 00:00,1.779,42.19,79.8
2023/01/11 23:00,2023/01/12 01:00,2.954,70.77,60.8
2023/01/12 00:00,2023/01/12 02:00,3.793,91.27,67.8
2023/01/12 01:00,2023/01/12 03:00,3.349,69.19,77.4
2023/01/12 02:00,2023/01/12 04:00,3.617,78.93,76.6
2023/01/12 03:00,2023/01/12 05:00,0.703,98.5,90.6
2023/01/12 04:00,2023/01/12 06:00,4.681,68.55,87.7
2023/01/12 05:00,2023/01/12 07:00,2.36,33.7,88.5
2023/01/12 06:00,2023/01/12 08:00,4.152,51.47,72.2
2023/01/12 07:00,2023/01/12 09:00,2.491,64.83,91.8
2023/01/12 08:00,2023/01/12 10:00,3.223,23.21,86.7
2023/01/12 09:00,2023/01/12 11:00,0.633,74.72,60.4
2023/01/12 10:00,2023/01/12 12:00,1.661,21.79,79.1
2023/01/12 11:00,2023/01/12 13:00,2.193,98.16,89.8
2023/01/12 12:00,2023/01/12 14:00,4.992,38.33,62.6
2023/01/12 13:00,2023/01/12 15:00,1.228,66.23,82.2
2023/01/12 14:00,2023/01/12 16:00,1.952,23.26,72.5
2023/01/12 15:00,2023/01/12 17:00,0.813,67.36,60.8
2023/01/12 16:00,2023/01/12 18:00,3.557,63.27,73.4
2023/01/12 17:00,2023/01/12 19:00,1.866,33.13,74.8
2023/01/12 18:00,2023/01/12 20:00,4.889,40.05,74.5
2023/01/12 19:00,2023/01/12 21:00,4.056,91.98,76.7
2023/01/12 20:00,2023/01/12 22:00,4.68,47.97,85.3
2023/01/12 21:00,2023/01/12 23:00,3.448,47.7,67.1
2023/01/12 22:00,2023/01/13 00:00,0.918,70.95,72.6
2023/01/12 23:00,2023/01/13 01:00,4.432,66.79,68.2
2023/01/13 00:00,2023/01/13 02:00,3.181,52.05,73.9
2023/01/13 01:00,2023/01/13 03:00,1.673,80.71,69.7
2023/01/13 02:00,2023/01/13 04:00,0.515,26.24,68.4
2023/01/13 03:00,2023/01/13 05:00,1.141,47.72,78.3
2023/01/13 04:00,2023/01/13 06:00,0.922,22.42,73.7
2023/01/13 05:00,2023/01/13 07:00,4.354,25.64,71.7
2023/01/13 06:00,2023/01/13 08:00,4.103,36.42,72.6
2023/01/13 07:00,2023/01/13 09:00,2.426,46.15,78.1
2023/01/13 08:00,2023/01/13 10:00,3.456,66.37,69.8
2023/01/13 09:00,2023/01/13 11:00,2.876,43.61,70.7
2023/01/13 10:00,2023/01/13 12:00,4.876,86.36,63.4
2023/01/13 11:00,2023/01/13 13:00,1.712,74.95,70.4
2023/01/13 12:00,2023/01/13 14:00,3.274,26.87,71.1
2023/01/13 13:00,2023/01/13 15:00,0.53,33.86,88.7
2023/01/13 14:00,2023/01/13 16:00,3.695,57.02,91.1
2023/01/13 15:00,2023/01/13 17:00,0.631,49.23,93.3
2023/01/13 16:00,2023/01/13 18:00,3.098,21.94,81.2
2023/01/13 17:00,2023/01/13 19:00,3.867,34.57,70.6
2023/01/13 18:00,2023/01/13 20:00,1.334,30.94,61.6
2023/01/13 19:00,2023/01/13 21:00,2.769,72.57,65.8
2023/01/13 20:00,2023/01/13 22:00,3.295,32.69,74.9
2023/01/13 21:00,2023/01/13 23:00,1.104,80.93,89.4
2023/01/13 22:00,2023/01/14 00:00,1.638,76.65,75.6
2023/01/13 23:00,2023/01/14 01:00,4.271,43.01,68.8
2023/01/14 00:00,2023/01/14 02:00,1.855,27.2,84.0
2023/01/14 01:00,2023/01/14 03:00,4.032,92.55,75.3
2023/01/14 02:00,2023/01/14 04:00,2.256,28.41,77.4
2023/01/14 03:00,2023/01/14 05:00,2.025,68.78,73.0
2023/01/14 04:00,2023/01/14 06:00,0.819,60.33,94.1
2023/01/14 05:00,2023/01/14 07:00,4.273,54.44,84.1
2023/01/14 06:00,2023/01/14 08:00,2.692,94.24,65.5
2023/01/14 07:00,2023/01/14 09:00,3.869,49.73,67.5
2023/01/14 08:00,2023/01/14 10:00,3.09,92.83,60.5
2023/01/14 09:00,2023/01/14 11:00,2.3,87.38,78.7
2023/01/14 10:00,2023/01/14 12:00,1.315,82.64,90.2
2023/01/14 11:00,2023/01/14 13:00,4.851,37.27,62.5
2023/01/14 12:00,2023/01/14 14:00,1.873,63.89,73.2
2023/01/14 13:00,2023/01/14 15:00,2.73,84.73,71.2
2023/01/14 14:00,2023/01/14 16:00,3.601,26.31,79.1
2023/01/14 15:00,2023/01/14 17:00,3.63,68.73,62.0
2023/01/14 16:00,2023/01/14 18:00,3.952,80.83,73.4
2023/01/14 17:00,2023/01/14 19:00,2.642,77.92,78.0
2023/01/14 18:00,2023/01/14 20:00,1.126,82.68,78.9
2023/01/14 19:00,2023/01/14 21:00,0.98,68.83,73.6
2023/01/14 20:00,2023/01/14 22:00,3.839,81.81,94.6
2023/01/14 21:00,2023/01/14 23:00,4.087,89.92,85.3
2023/01/14 22:00,2023/01/15 00:00,2.167,41.75,79.1
2023/01/14 23:00,2023/01/15 01:00,2.706,45.69,87.6
2023/01/15 00:00,2023/01/15 02:00,1.378,52.23,61.1
2023/01/15 01:00,2023/01/15 03:00,2.153,57.29,70.6
2023/01/15 02:00,2023/01/15 04:00,0.92,80.92,81.5
2023/01/15 03:00,2023/01/15 05:00,3.828,44.06,67.0
2023/01/15 04:00,2023/01/15 06:00,1.734,44.47,83.6
2023/01/15 05:00,2023/01/15 07:00,1.366,28.6,74.1
2023/01/15 06:00,2023/01/15 08:00,3.913,27.95,80.9
2023/01/15 07:00,2023/01/15 09:00,4.174,65.2,62.4
2023/01/15 08:00,2023/01/15 10:00,4.078,50.16,79.3
2023/01/15 09:00,2023/01/15 11:00,4.766,61.08,80.0
2023/01/15 10:00,2023/01/15 12:00,2.299,92.02,90.8
2023/01/15 11:00,2023/01/15 13:00,0.967,46.77,62.3
2023/01/15 12:00,2023/01/15 14:00,1.887,88.04,71.3
2023/01/15 13:00,2023/01/15 15:00,3.942,52.39,81.5
2023/01/15 14:00,2023/01/15 16:00,4.817,65.51,85.3
2023/01/15 15:00,2023/01/15 17:00,4.592,62.93,60.6
2023/01/15 16:00,2023/01/15 18:00,3.462,77.7,66.8
2023/01/15 17:00,2023/01/15 19:00,4.66,81.33,79.2
2023/01/15 18:00,2023/01/15 20:00,3.366,57.34,76.2
2023/01/15 19:00,2023/01/15 21:00,3.274,36.78,86.0
2023/01/15 20:00,2023/01/15 22:00,1.791,31.07,60.1
2023/01/15 21:00,2023/01/15 23:00,2.356,26.68,67.6
2023/01/15 22:00,2023/01/16 00:00,1.963,98.81,86.9
2023/01/15 23:00,2023/01/16 01:00,4.522,94.04,79.8
2023/01/16 00:00,2023/01/16 02:00,1.938,50.1,71.7
2023/01/16 01:00,2023/01/16 03:00,2.006,40.12,80.2
2023/01/16 02:00,2023/01/16 04:00,1.803,61.1,91.5
2023/01/16 03:00,2023/01/16 05:00,4.966,50.43,72.5
2023/01/16 04:00,2023/01/16 06:00,1.509,39.78,69.2
2023/01/16 05:00,2023/01/16 07:00,4.47,97.03,70.4
2023/01/16 06:00,2023/01/16 08:00,0.773,83.61,66.5
2023/01/16 07:00,2023/01/16 09:00,0.547,92.49,66.1
2023/01/16 08:00,2023/01/16 10:00,3.754,32.86,74.8
2023/01/16 09:00,2023/01/16 11:00,1.432,36.63,78.9
2023/01/16 10:00,2023/01/16 12:00,4.975,94.54,82.6
2023/01/16 11:00,2023/01/16 13:00,4.591,85.31,76.2
2023/01/16 12:00,2023/01/16 14:00,4.273,29.42,77.4
2023/01/16 13:00,2023/01/16 15:00,0.608,67.65,68.0
2023/01/16 14:00,2023/01/16 16:00,4.579,49.86,80.9
2023/01/16 15:00,2023/01/16 17:00,1.513,82.33,72.1
2023/01/16 16:00,2023/01/16 18:00,3.351,23.65,74.7
2023/01/16 17:00,2023/01/16 19:00,2.46,93.46,63.1
2023/01/16 18:00,2023/01/16 20:00,3.811,98.5,79.8
2023/01/16 19:00,2023/01/16 21:00,0.906,33.37,79.9
2023/01/16 20:00,2023/01/16 22:00,2.911,85.37,84.5
2023/01/16 21:00,2023/01/16 23:00,2.138,45.67,79.8
2023/01/16 22:00,2023/01/17 00:00,0.762,72.4,75.4
2023/01/16 23:00,2023/01/17 01:00,4.234,50.72,71.8
2023/01/17 00:00,2023/01/17 02:00,3.501,54.94,91.6
2023/01/17 01:00,2023/01/17 03:00,3.08,92.28,77.0
2023/01/17 02:00,2023/01/17 04:00,0.568,60.34,74.2
2023/01/17 03:00,2023/01/17 05:00,2.585,32.71,76.8
2023/01/17 04:00,2023/01/17 06:00,3.23,62.06,89.9
2023/01/17 05:00,2023/01/17 07:00,2.085,25.26,70.6
2023/01/17 06:00,2023/01/17 08:00,1.09,34.01,61.8
2023/01/17 07:00,2023/01/17 09:00,4.91,62.97,87.5
2023/01/17 08:00,2023/01/17 10:00,4.383,59.49,77.6
2023/01/17 09:00,2023/01/17 11:00,1.002,84.34,65.4
2023/01/17 10:00,2023/01/17 12:00,2.0,35.64,80.6
2023/01/17 11:00,2023/01/17 13:00,1.235,92.4,75.3
2023/01/17 12:00,2023/01/17 14:00,3.681,49.58,75.7
2023/01/17 13:00,2023/01/17 15:00,3.289,52.64,81.8
2023/01/17 14:00,2023/01/17 16:00,3.431,39.85,93.8
2023/01/17 15:00,2023/01/17 17:00,4.697,22.5,86.8
2023/01/17 16:00,2023/01/17 18:00,2.739,79.86,82.3
2023/01/17 17:00,2023/01/17 19:00,2.425,22.88,73.3
2023/01/17 18:00,2023/01/17 20:00,4.906,81.24,67.0
2023/01/17 19:00,2023/01/17 21:00,0.968,91.41,64.3
2023/01/17 20:00,2023/01/17 22:00,1.651,83.35,79.8
2023/01/17 21:00,2023/01/17 23:00,0.813,95.88,66.3
2023/01/17 22:00,2023/01/18 00:00,1.167,58.0,94.8
2023/01/17 23:00,2023/01/18 01:00,1.801,24.79,74.0
2023/01/18 00:00,2023/01/18 02:00,4.809,57.62,87.9
2023/01/18 01:00,2023/01/18 03:00,4.586,48.47,70.3
2023/01/18 02:00,2023/01/18 04:00,0.801,59.47,64.3
2023/01/18 03:00,2023/01/18 05:00,3.341,22.24,74.3
2023/01/18 04:00,2023/01/18 06:00,3.996,39.87,81.5
2023/01/18 05:00,2023/01/18 07:00,2.583,51.25,88.7
2023/01/18 06:00,2023/01/18 08:00,2.075,79.84,87.2
2023/01/18 07:00,2023/01/18 09:00,2.843,20.05,75.9
2023/01/18 08:00,2023/01/18 10:00,3.594,20.7,72.2
2023/01/18 09:00,2023/01/18 11:00,4.938,23.32,70.8
2023/01/18 10:00,2023/01/18 12:00,4.393,37.77,77.1
2023/01/18 11:00,2023/01/18 13:00,3.397,82.73,76.3
2023/01/18 12:00,2023/01/18 14:00,1.095,33.53,88.8
2023/01/18 13:00,2023/01/18 15:00,2.771,72.28,89.6
2023/01/18 14:00,2023/01/18 16:00,2.746,57.38,69.0
2023/01/18 15:00,2023/01/18 17:00,3.186,44.43,83.9
2023/01/18 16:00,2023/01/18 18:00,2.939,39.1,92.2
2023/01/18 17:00,2023/01/18 19:00,2.298,71.91,82.1
2023/01/18 18:00,2023/01/18 20:00,1.621,41.65,90.5
2023/01/18 19:00,2023/01/18 21:00,2.653,31.9,68.3
2023/01/18 20:00,2023/01/18 22:00,2.44,27.15,86.8
2023/01/18 21:00,2023/01/18 23:00,4.489,33.43,80.1
2023/01/18 22:00,2023/01/19 00:00,4.968,37.45,76.1
2023/01/18 23:00,2023/01/19 01:00,0.881,93.73,61.0
2023/01/19 00:00,2023/01/19 02:00,4.303,67.27,93.4
2023/01/19 01:00,2023/01/19 03:00,4.817,32.2,61.5
2023/01/19 02:00,2023/01/19 04:00,0.501,92.18,62.1
2023/01/19 03:00,2023/01/19 05:00,0.747,92.0,86.3
2023/01/19 04:00,2023/01/19 06:00,4.519,48.56,81.0
2023/01/19 05:00,2023/01/19 07:00,2.623,46.84,61.5
2023/01/19 06:00,2023/01/19 08:00,2.429,63.19,85.4
2023/01/19 07:00,2023/01/19 09:00,4.688,68.46,61.4
2023/01/19 08:00,2023/01/19 10:00,4.762,57.28,78.7
2023/01/19 09:00,2023/01/19 11:00,2.34,20.28,85.7
2023/01/19 10:00,2023/01/19 12:00,3.494,71.37,72.6
2023/01/19 11:00,2023/01/19 13:00,4.185,43.73,94.2
2023/01/19 12:00,2023/01/19 14:00,3.599,89.81,78.2
2023/01/19 13:00,2023/01/19 15:00,4.264,29.85,75.1
2023/01/19 14:00,2023/01/19 16:00,4.856,82.9,65.0
2023/01/19 15:00,2023/01/19 17:00,0.941,36.9,67.5
2023/01/19 16:00,2023/01/19 18:00,0.875,97.17,84.8
2023/01/19 17:00,2023/01/19 19:00,0.559,89.8,63.1
2023/01/19 18:00,2023/01/19 20:00,1.698,25.13,83.6
2023/01/19 19:00,2023/01/19 21:00,0.755,65.44,68.2
2023/01/19 20:00,2023/01/19 22:00,3.387,31.71,63.2
2023/01/19 21:00,2023/01/19 23:00,1.909,56.51,66.9
2023/01/19 22:00,2023/01/20 00:00,0.66,92.58,78.8
2023/01/19 23:00,2023/01/20 01:00,1.057,65.79,90.4
2023/01/20 00:00,2023/01/20 02:00,1.982,51.46,74.0
2023/01/20 01:00,2023/01/20 03:00,4.118,80.4,61.2
2023/01/20 02:00,2023/01/20 04:00,2.259,73.57,69.8
2023/01/20 03:00,2023/01/20 05:00,1.047,48.55,90.3
2023/01/20 04:00,2023/01/20 06:00,1.511,28.02,71.7
2023/01/20 05:00,2023/01/20 07:00,2.087,66.65,71.8
2023/01/20 06:00,2023/01/20 08:00,4.117,26.01,87.0
2023/01/20 07:00,2023/01/20 09:00,1.399,35.79,64.1
2023/01/20 08:00,2023/01/20 10:00,2.643,42.99,78.0
2023/01/20 09:00,2023/01/20 11:00,3.987,90.39,67.4
2023/01/20 10:00,2023/01/20 12:00,2.474,43.31,63.0
2023/01/20 11:00,2023/01/20 13:00,3.585,53.89,84.8
2023/01/20 12:00,2023/01/20 14:00,4.18,58.14,88.9
2023/01/20 13:00,2023/01/20 15:00,2.099,37.03,83.2
2023/01/20 14:00,2023/01/20 16:00,3.196,69.1,60.3
2023/01/20 15:00,2023/01/20 17:00,0.56,77.93,66.6
2023/01/20 16:00,2023/01/20 18:00,0.925,21.7,84.5
2023/01/20 17:00,2023/01/20 19:00,1.498,35.6,79.7
2023/01/20 18:00,2023/01/20 20:00,3.131,92.78,86.8
2023/01/20 19:00,2023/01/20 21:00,0.608,43.55,82.0
2023/01/20 20:00,2023/01/20 22:00,1.604,25.16,84.7
2023/01/20 21:00,2023/01/20 23:00,4.766,32.51,65.8
2023/01/20 22:00,2023/01/21 00:00,1.547,77.49,70.9
2023/01/20 23:00,2023/01/21 01:00,3.244,88.44,84.6
2023/01/21 00:00,2023/01/21 02:00,0.966,78.11,61.1
2023/01/21 01:00,2023/01/21 03:00,1.069,71.38,84.5
2023/01/21 02:00,2023/01/21 04:00,3.019,67.79,62.4
2023/01/21 03:00,2023/01/21 05:00,4.967,51.23,79.8
2023/01/21 04:00,2023/01/21 06:00,0.792,73.62,60.2
2023/01/21 05:00,2023/01/21 07:00,0.871,23.93,82.1
2023/01/21 06:00,2023/01/21 08:00,1.7,85.28,75.2
2023/01/21 07:00,2023/01/21 09:00,2.057,51.45,60.2
2023/01/21 08:00,2023/01/21 10:00,2.735,40.23,82.3
2023/01/21 09:00,2023/01/21 11:00,4.563,65.86,70.9
2023/01/21 10:00,2023/01/21 12:00,3.462,73.0,72.7
2023/01/21 11:00,2023/01/21 13:00,4.551,90.34,73.4
2023/01/21 12:00,2023/01/21 14:00,3.545,66.87,60.0
2023/01/21 13:00,2023/01/21 15:00,1.076,35.99,81.3
2023/01/21 14:00,2023/01/21 16:00,1.734,99.54,89.7
2023/01/21 15:00,2023/01/21 17:00,1.213,40.19,94.4
2023/01/21 16:00,2023/01/21 18:00,2.749,46.08,86.6
2023/01/21 17:00,2023/01/21 19:00,3.635,20.36,69.7
2023/01/21 18:00,2023/01/21 20:00,4.489,48.76,79.9
2023/01/21 19:00,2023/01/21 21:00,1.805,96.28,74.6
2023/01/21 20:00,2023/01/21 22:00,1.597,61.99,68.4
2023/01/21 21:00,2023/01/21 23:00,4.347,46.39,73.6
2023/01/21 22:00,2023/01/22 00:00,1.322,95.29,84.6
2023/01/21 23:00,2023/01/22 01:00,3.067,55.65,72.8
2023/01/22 00:00,2023/01/22 02:00,3.205,25.67,86.9
2023/01/22 01:00,2023/01/22 03:00,2.806,42.45,83.9
2023/01/22 02:00,2023/01/22 04:00,3.823,69.49,73.9
2023/01/22 03:00,2023/01/22 05:00,4.489,50.99,78.1
2023/01/22 04:00,2023/01/22 06:00,4.496,50.26,65.3
2023/01/22 05:00,2023/01/22 07:00,2.93,92.47,73.5
2023/01/22 06:00,2023/01/22 08:00,1.98,50.74,74.9
2023/01/22 07:00,2023/01/22 09:00,3.446,93.44,65.8
2023/01/22 08:00,2023/01/22 10:00,1.48,80.65,90.5
2023/01/22 09:00,2023/01/22 11:00,1.901,53.41,81.7
2023/01/22 10:00,2023/01/22 12:00,1.481,77.17,73.3
2023/01/22 11:00,2023/01/22 13:00,4.975,49.93,76.5
2023/01/22 12:00,2023/01/22 14:00,4.924,97.18,74.0
2023/01/22 13:00,2023/01/22 15:00,1.027,84.3,68.8
2023/01/22 14:00,2023/01/22 16:00,2.61,96.39,78.0
2023/01/22 15:00,2023/01/22 17:00,2.199,58.74,66.8
2023/01/22 16:00,2023/01/22 18:00,1.214,74.6,90.1
2023/01/22 17:00,2023/01/22 19:00,2.608,69.65,82.5
2023/01/22 18:00,2023/01/22 20:00,0.98,23.77,67.3
2023/01/22 19:00,2023/01/22 21:00,2.841,64.37,65.3
2023/01/22 20:00,2023/01/22 22:00,4.202,75.09,60.4
2023/01/22 21:00,2023/01/22 23:00,0.648,22.17,64.2
2023/01/22 22:00,2023/01/23 00:00,4.97,31.31,68.1
2023/01/22 23:00,2023/01/23 01:00,1.295,97.59,60.8
2023/01/23 00:00,2023/01/23 02:00,2.233,87.94,86.7
2023/01/23 01:00,2023/01/23 03:00,1.36,25.63,93.1
2023/01/23 02:00,2023/01/23 04:00,2.46,86.59,94.1
2023/01/23 03:00,2023/01/23 05:00,2.266,40.59,64.9
2023/01/23 04:00,2023/01/23 06:00,0.527,43.95,64.7
2023/01/23 05:00,2023/01/23 07:00,0.886,67.26,92.5
2023/01/23 06:00,2023/01/23 08:00,3.07,63.76,80.9
2023/01/23 07:00,2023/01/23 09:00,3.944,99.82,78.8
2023/01/23 08:00,2023/01/23 10:00,1.72,81.36,70.7
2023/01/23 09:00,2023/01/23 11:00,1.79,91.73,62.9
2023/01/23 10:00,2023/01/23 12:00,0.635,75.88,82.5
2023/01/23 11:00,2023/01/23 13:00,3.911,51.8,69.6
2023/01/23 12:00,2023/01/23 14:00,2.561,44.3,62.6
2023/01/23 13:00,2023/01/23 15:00,4.122,49.77,79.2
2023/01/23 14:00,2023/01/23 16:00,2.425,92.85,67.0
2023/01/23 15:00,2023/01/23 17:00,1.505,35.69,72.5
2023/01/23 16:00,2023/01/23 18:00,1.701,92.15,88.1
2023/01/23 17:00,2023/01/23 19:00,0.51,70.04,65.4
2023/01/23 18:00,2023/01/23 20:00,3.228,66.06,94.4
2023/01/23 19:00,2023/01/23 21:00,0.756,98.08,82.6
2023/01/23 20:00,2023/01/23 22:00,3.427,28.21,72.5
2023/01/23 21:00,2023/01/23 23:00,4.158,66.34,69.2
2023/01/23 22:00,2023/01/24 00:00,4.105,27.83,72.2
2023/01/23 23:00,2023/01/24 01:00,3.771,62.08,69.9
2023/01/24 00:00,2023/01/24 02:00,4.642,88.47,90.9
2023/01/24 01:00,2023/01/24 03:00,1.182,71.52,92.2
2023/01/24 02:00,2023/01/24 04:00,4.346,45.39,72.7
2023/01/24 03:00,2023/01/24 05:00,3.644,83.32,92.5
2023/01/24 04:00,2023/01/24 06:00,2.915,48.57,78.4
2023/01/24 05:00,2023/01/24 07:00,1.603,54.35,86.9
2023/01/24 06:00,2023/01/24 08:00,3.569,55.57,66.2
2023/01/24 07:00,2023/01/24 09:00,2.536,63.45,64.7
2023/01/24 08:00,2023/01/24 10:00,2.326,84.88,86.9
2023/01/24 09:00,2023/01/24 11:00,2.066,63.21,66.3
2023/01/24 10:00,2023/01/24 12:00,1.142,94.79,70.6
2023/01/24 11:00,2023/01/24 13:00,1.159,38.8,91.3
2023/01/24 12:00,2023/01/24 14:00,1.896,41.03,73.9
2023/01/24 13:00,2023/01/24 15:00,3.555,58.25,78.2
2023/01/24 14:00,2023/01/24 16:00,4.501,80.24,76.8
2023/01/24 15:00,2023/01/24 17:00,1.435,66.93,82.4
2023/01/24 16:00,2023/01/24 18:00,3.339,43.76,86.0
2023/01/24 17:00,2023/01/24 19:00,0.583,23.23,78.3
2023/01/24 18:00,2023/01/24 20:00,4.781,43.7,61.5
2023/01/24 19:00,2023/01/24 21:00,2.106,51.02,93.0
2023/01/24 20:00,2023/01/24 22:00,2.444,83.32,74.6
2023/01/24 21:00,2023/01/24 23:00,2.864,64.48,92.7
2023/01/24 22:00,2023/01/25 00:00,3.353,71.77,73.8
2023/01/24 23:00,2023/01/25 01:00,2.273,60.35,74.6
2023/01/25 00:00,2023/01/25 02:00,3.557,88.54,93.2
2023/01/25 01:00,2023/01/25 03:00,1.92,58.61,67.6
2023/01/25 02:00,2023/01/25 04:00,3.503,81.53,71.6
2023/01/25 03:00,2023/01/25 05:00,3.468,84.12,76.7
2023/01/25 04:00,2023/01/25 06:00,3.745,22.86,81.7
2023/01/25 05:00,2023/01/25 07:00,4.952,77.49,69.5
2023/01/25 06:00,2023/01/25 08:00,3.44,22.65,71.9
2023/01/25 07:00,2023/01/25 09:00,2.71,52.33,90.1
2023/01/25 08:00,2023/01/25 10:00,2.265,63.12,78.9
2023/01/25 09:00,2023/01/25 11:00,3.658,77.97,61.0
2023/01/25 10:00,2023/01/25 12:00,3.841,63.25,91.3
2023/01/25 11:00,2023/01/25 13:00,4.695,32.54,94.2
2023/01/25 12:00,2023/01/25 14:00,4.754,60.25,82.3
2023/01/25 13:00,2023/01/25 15:00,2.966,57.12,82.4
2023/01/25 14:00,2023/01/25 16:00,3.405,63.77,62.6
2023/01/25 15:00,2023/01/25 17:00,1.146,92.19,68.4
2023/01/25 16:00,2023/01/25 18:00,4.934,29.55,62.1
2023/01/25 17:00,2023/01/25 19:00,1.221,25.82,93.9
2023/01/25 18:00,2023/01/25 20:00,4.894,37.06,67.5
2023/01/25 19:00,2023/01/25 21:00,1.222,61.03,66.7
2023/01/25 20:00,2023/01/25 22:00,3.94,37.6,84.0
2023/01/25 21:00,2023/01/25 23:00,1.575,34.04,64.0
2023/01/25 22:00,2023/01/26 00:00,2.85,70.25,80.2
2023/01/25 23:00,2023/01/26 01:00,2.283,97.47,92.1
2023/01/26 00:00,2023/01/26 02:00,4.35,64.13,77.0
2023/01/26 01:00,2023/01/26 03:00,0.89,92.48,72.2
2023/01/26 02:00,2023/01/26 04:00,1.975,53.19,91.3
2023/01/26 03:00,2023/01/26 05:00,3.642,65.67,91.6
2023/01/26 04:00,2023/01/26 06:00,3.959,88.67,64.0
2023/01/26 05:00,2023/01/26 07:00,4.208,56.52,63.7
2023/01/26 06:00,2023/01/26 08:00,0.553,25.83,94.3
2023/01/26 07:00,2023/01/26 09:00,3.602,26.17,89.2
2023/01/26 08:00,2023/01/26 10:00,4.391,83.04,66.3
2023/01/26 09:00,2023/01/26 11:00,4.198,31.24,91.8
2023/01/26 10:00,2023/01/26 12:00,1.602,51.71,94.0
2023/01/26 11:00,2023/01/26 13:00,2.989,56.95,64.9
2023/01/26 12:00,2023/01/26 14:00,3.914,28.4,61.1
2023/01/26 13:00,2023/01/26 15:00,1.13,62.7,72.5
2023/01/26 14:00,2023/01/26 16:00,3.189,66.23,70.6
2023/01/26 15:00,2023/01/26 17:00,2.5,78.03,74.7
2023/01/26 16:00,2023/01/26 18:00,4.054,98.95,91.9
2023/01/26 17:00,2023/01/26 19:00,2.133,33.46,94.9
2023/01/26 18:00,2023/01/26 20:00,2.791,57.05,67.4
2023/01/26 19:00,2023/01/26 21:00,4.941,75.03,61.4
2023/01/26 20:00,2023/01/26 22:00,3.877,65.01,87.0
2023/01/26 21:00,2023/01/26 23:00,2.511,85.31,63.7
2023/01/26 22:00,2023/01/27 00:00,3.068,23.21,65.2
2023/01/26 23:00,2023/01/27 01:00,1.153,35.66,88.6
2023/01/27 00:00,2023/01/27 02:00,0.579,44.29,92.8
2023/01/27 01:00,2023/01/27 03:00,3.653,38.89,61.0
2023/01/27 02:00,2023/01/27 04:00,1.375,65.85,93.8
2023/01/27 03:00,2023/01/27 05:00,1.989,33.41,90.9
2023/01/27 04:00,2023/01/27 06:00,1.297,55.86,75.1
2023/01/27 05:00,2023/01/27 07:00,2.367,68.7,71.2
2023/01/27 06:00,2023/01/27 08:00,1.785,40.46,64.3
2023/01/27 07:00,2023/01/27 09:00,1.243,67.18,60.9
2023/01/27 08:00,2023/01/27 10:00,3.66,51.21,91.7
2023/01/27 09:00,2023/01/27 11:00,3.173,61.56,62.2
2023/01/27 10:00,2023/01/27 12:00,3.125,50.8,83.5
2023/01/27 11:00,2023/01/27 13:00,2.931,42.04,66.2
2023/01/27 12:00,2023/01/27 14:00,3.258,45.26,81.9
2023/01/27 13:00,2023/01/27 15:00,2.975,90.05,80.6
2023/01/27 14:00,2023/01/27 16:00,4.407,99.34,87.1
2023/01/27 15:00,2023/01/27 17:00,2.87,35.11,78.0
2023/01/27 16:00,2023/01/27 18:00,0.565,88.51,69.8
2023/01/27 17:00,2023/01/27 19:00,3.184,21.08,83.9
2023/01/27 18:00,2023/01/27 20:00,4.056,25.92,69.4
2023/01/27 19:00,2023/01/27 21:00,3.829,21.58,84.9
2023/01/27 20:00,2023/01/27 22:00,1.107,21.29,94.1
2023/01/27 21:00,2023/01/27 23:00,4.518,97.07,73.7
2023/01/27 22:00,2023/01/28 00:00,4.169,26.95,64.3
2023/01/27 23:00,2023/01/28 01:00,2.591,88.35,84.5
2023/01/28 00:00,2023/01/28 02:00,3.034,69.23,83.5
2023/01/28 01:00,2023/01/28 03:00,1.548,45.76,67.0
2023/01/28 02:00,2023/01/28 04:00,0.91,42.17,75.0
2023/01/28 03:00,2023/01/28 05:00,3.957,99.09,74.3
2023/01/28 04:00,2023/01/28 06:00,1.064,87.85,72.4
2023/01/28 05:00,2023/01/28 07:00,2.338,23.56,71.8
2023/01/28 06:00,2023/01/28 08:00,1.586,61.87,80.8
2023/01/28 07:00,2023/01/28 09:00,1.384,76.04,76.6
2023/01/28 08:00,2023/01/28 10:00,3.802,35.96,80.7
2023/01/28 09:00,2023/01/28 11:00,0.956,53.01,73.0
2023/01/28 10:00,2023/01/28 12:00,0.965,36.25,84.5
2023/01/28 11:00,2023/01/28 13:00,2.3,21.77,86.1
2023/01/28 12:00,2023/01/28 14:00,2.953,41.21,78.0
2023/01/28 13:00,2023/01/28 15:00,3.324,76.41,71.6
2023/01/28 14:00,2023/01/28 16:00,1.965,86.1,73.4
2023/01/28 15:00,2023/01/28 17:00,2.753,88.8,72.5
2023/01/28 16:00,2023/01/28 18:00,2.501,38.27,82.7
2023/01/28 17:00,2023/01/28 19:00,3.258,67.89,60.9
2023/01/28 18:00,2023/01/28 20:00,2.349,42.25,94.5
2023/01/28 19:00,2023/01/28 21:00,1.951,70.1,71.8
2023/01/28 20:00,2023/01/28 22:00,4.128,97.35,89.9
2023/01/28 21:00,2023/01/28 23:00,1.309,61.13,66.4
2023/01/28 22:00,2023/01/29 00:00,3.468,82.84,74.8
2023/01/28 23:00,2023/01/29 01:00,3.269,38.35,68.2
2023/01/29 00:00,2023/01/29 02:00,4.265,64.0,89.3
2023/01/29 01:00,2023/01/29 03:00,4.049,55.1,78.7
2023/01/29 02:00,2023/01/29 04:00,4.093,34.8,86.0
2023/01/29 03:00,2023/01/29 05:00,1.735,56.87,66.6
2023/01/29 04:00,2023/01/29 06:00,0.762,79.76,67.0
2023/01/29 05:00,2023/01/29 07:00,1.274,75.32,67.1
2023/01/29 06:00,2023/01/29 08:00,4.427,64.81,66.2
2023/01/29 07:00,2023/01/29 09:00,3.431,54.63,73.2
2023/01/29 08:00,2023/01/29 10:00,4.931,73.63,90.8
2023/01/29 09:00,2023/01/29 11:00,1.535,59.85,88.5
2023/01/29 10:00,2023/01/29 12:00,2.593,24.27,73.4
2023/01/29 11:00,2023/01/29 13:00,2.026,94.56,91.1
2023/01/29 12:00,2023/01/29 14:00,1.704,57.18,65.9
2023/01/29 13:00,2023/01/29 15:00,3.711,28.24,91.6
2023/01/29 14:00,2023/01/29 16:00,4.436,30.61,74.6
2023/01/29 15:00,2023/01/29 17:00,4.231,60.84,85.1
2023/01/29 16:00,2023/01/29 18:00,0.858,83.94,76.6
2023/01/29 17:00,2023/01/29 19:00,1.287,87.38,91.6
2023/01/29 18:00,2023/01/29 20:00,1.569,57.33,63.0
2023/01/29 19:00,2023/01/29 21:00,4.179,47.95,75.5
2023/01/29 20:00,2023/01/29 22:00,4.688,31.17,83.2
2023/01/29 21:00,2023/01/29 23:00,4.869,64.74,76.7
2023/01/29 22:00,2023/01/30 00:00,1.648,46.06,81.3
2023/01/29 23:00,2023/01/30 01:00,4.669,79.31,94.6
2023/01/30 00:00,2023/01/30 02:00,3.493,79.57,81.3
2023/01/30 01:00,2023/01/30 03:00,3.924,92.58,73.9
2023/01/30 02:00,2023/01/30 04:00,1.216,38.66,94.1
2023/01/30 03:00,2023/01/30 05:00,3.873,99.42,72.4
2023/01/30 04:00,2023/01/30 06:00,1.488,68.66,81.3
2023/01/30 05:00,2023/01/30 07:00,3.6,28.61,69.3
2023/01/30 06:00,2023/01/30 08:00,4.977,69.51,94.8
2023/01/30 07:00,2023/01/30 09:00,4.692,34.34,63.2
2023/01/30 08:00,2023/01/30 10:00,0.503,98.54,61.9
2023/01/30 09:00,2023/01/30 11:00,1.003,35.88,72.8
2023/01/30 10:00,2023/01/30 12:00,2.369,52.69,76.0
2023/01/30 11:00,2023/01/30 13:00,3.445,60.53,79.9
2023/01/30 12:00,2023/01/30 14:00,3.29,65.73,77.4
2023/01/30 13:00,2023/01/30 15:00,2.786,37.35,77.9
2023/01/30 14:00,2023/01/30 16:00,3.884,51.93,61.5
2023/01/30 15:00,2023/01/30 17:00,1.486,96.78,69.4
2023/01/30 16:00,2023/01/30 18:00,2.821,84.63,70.8
2023/01/30 17:00,2023/01/30 19:00,1.973,39.52,79.7
2023/01/30 18:00,2023/01/30 20:00,4.424,30.7,68.1
2023/01/30 19:00,2023/01/30 21:00,0.9,20.21,82.7
2023/01/30 20:00,2023/01/30 22:00,3.464,48.31,65.5
2023/01/30 21:00,2023/01/30 23:00,2.3,40.66,93.9
2023/01/30 22:00,2023/01/31 00:00,0.578,35.04,83.1
2023/01/30 23:00,2023/01/31 01:00,4.774,90.32,86.0
